Workbook

Sheet Summary
A1: Invoice Summary by Age and Status (fictional data)
A3: Invoice Count
A4: Status | B4: 0-7 days | C4: 8-14 days | D4: 15+ days | E4: Grand Total
A5: Incomplete | B5: =COUNTIFS('Priority Invoices'!$A:$A,"0-7.xlsx",'Priority Invoices'!$G:$G,$A5) -> 22 | C5: =COUNTIFS('Priority Invoices'!$A:$A,"8-14.xlsx",'Priority Invoices'!$G:$G,$A5) -> 4 | D5: =COUNTIFS('Priority Invoices'!$A:$A,"15+.xlsx",'Priority Invoices'!$G:$G,$A5) -> 2 | E5: =SUM(B5:D5) -> 28
A6: Not validated | B6: =COUNTIFS('Priority Invoices'!$A:$A,"0-7.xlsx",'Priority Invoices'!$G:$G,$A6) -> 21 | C6: =COUNTIFS('Priority Invoices'!$A:$A,"8-14.xlsx",'Priority Invoices'!$G:$G,$A6) -> 4 | D6: =COUNTIFS('Priority Invoices'!$A:$A,"15+.xlsx",'Priority Invoices'!$G:$G,$A6) -> 2 | E6: =SUM(B6:D6) -> 27
A7: Grand Total | B7: =SUM(B5:B6) -> 43 | C7: =SUM(C5:C6) -> 8 | D7: =SUM(D5:D6) -> 4 | E7: =SUM(E5:E6) -> 55
A9: Project Impact (illustrative case study figures)
A10: Manual review time (before) | B10: 20 min/day
A11: Time with automation (after) | B11: 5 min/day
A12: Time reduction | B12: =1-5/20 -> 0.75

Sheet Invoices Received (Raw)
A1: Source.Name | B1: Invoice Number | C1: Supplier | D1: Supplier Site | E1: Identifying PO | F1: Creation Date | G1: Validation Status | H1: Invoice Date | I1: Assignee | J1: Business Unit | K1: Legal Entity | L1: First-Party Taxpayer ID | M1: Routing Attribute 1 | N1: Amount | O1: Currency | P1: Excluded by PO Tracker?
A2: 15+.xlsx | B2: INV-42406 | C2: Lighthouse Metals Supply | D2: Fremont | E2: PO73709724 | F2: 46144 | G2: Not validated | H2: 46141 | J2: California | K2: Fictional Manufacturing XYZ Inc. | L2: 00-0000000 | M2: apteam.us@fictionalmfg.example | N2: 20264.14 | O2: USD | P2: =IF(COUNTIF('PO Issues Tracker'!$A:$A,B2)>0,"Yes - excluded","")
A3: 15+.xlsx | B3: INV-64921 | C3: Lighthouse Metals Supply | D3: Fremont | E3: PO62343121 | F3: 46153 | G3: Not validated | H3: 46153 | J3: California | K3: Fictional Manufacturing XYZ Inc. | L3: 00-0000000 | M3: apteam.us@fictionalmfg.example | N3: 38408.09 | O3: USD | P3: =IF(COUNTIF('PO Issues Tracker'!$A:$A,B3)>0,"Yes - excluded","")
A4: 15+.xlsx | B4: INV-12560 | C4: Golden Gate Packaging Sdn Bhd | D4: Shah Alam | E4: PO88393811 | F4: 46161 | G4: Incomplete | H4: 46161 | J4: Indonesia | K4: Fictional Manufacturing XYZ | L4: 000000000000 | M4: apteam.my@fictionalmfg.example | N4: 42573.87 | O4: MYR | P4: =IF(COUNTIF('PO Issues Tracker'!$A:$A,B4)>0,"Yes - excluded","")
A5: 15+.xlsx | B5: INV-51904 | C5: Harbor Logistics Pte Ltd | D5: Singapore | E5: PO41473195 | F5: 46184 | G5: Incomplete | H5: 46182 | J5: New York | K5: Fictional Manufacturing XYZ ABC Ltd | L5: 000000000X | M5: apteam.sg@fictionalmfg.example | N5: 12241.75 | O5: SGD | P5: =IF(COUNTIF('PO Issues Tracker'!$A:$A,B5)>0,"Yes - excluded","")
A6: 15+.xlsx | B6: INV-63424 | C6: Crescent Precision Sdn Bhd | D6: Puchong | E6: PO38716269 | F6: 46197 | G6: Incomplete | H6: 46196 | J6: Texas | K6: Fictional Manufacturing XYZ | L6: 000000000000 | M6: apteam.my@fictionalmfg.example | N6: 2909.01 | O6: MYR | P6: =IF(COUNTIF('PO Issues Tracker'!$A:$A,B6)>0,"Yes - excluded","") -> Yes - excluded
A7: 8-14.xlsx | B7: INV-65108 | C7: Harbor Logistics Pte Ltd | D7: Singapore | E7: PO84411983 | F7: 46216 | G7: Incomplete | H7: 46213 | J7: New York | K7: Fictional Manufacturing XYZ ABC Ltd | L7: 000000000X | M7: apteam.sg@fictionalmfg.example | N7: 5745.41 | O7: SGD | P7: =IF(COUNTIF('PO Issues Tracker'!$A:$A,B7)>0,"Yes - excluded","") -> Yes - excluded
A8: 8-14.xlsx | B8: INV-10726 | C8: Lighthouse Metals Supply | D8: Fremont | E8: PO29806690 | F8: 46216 | G8: Incomplete | H8: 46211 | J8: Arizona | K8: Fictional Manufacturing XYZ Inc. | L8: 00-0000000 | M8: apteam.us@fictionalmfg.example | N8: 29529.49 | O8: USD | P8: =IF(COUNTIF('PO Issues Tracker'!$A:$A,B8)>0,"Yes - excluded","")
A9: 8-14.xlsx | B9: INV-80575 | C9: Northwind Machining Sdn Bhd | D9: Kapar | E9: PO10226999 | F9: 46217 | G9: Incomplete | H9: 46216 | J9: Indonesia | K9: Fictional Manufacturing XYZ | L9: 000000000000 | M9: apteam.my@fictionalmfg.example | N9: 23406.02 | O9: MYR | P9: =IF(COUNTIF('PO Issues Tracker'!$A:$A,B9)>0,"Yes - excluded","")
A10: 8-14.xlsx | B10: INV-37549 | C10: Pioneer Instruments Inc | D10: Chicago | E10: PO10054484 | F10: 46217 | G10: Incomplete | H10: 46213 | J10: Arizona | K10: Fictional Manufacturing XYZ Inc. | L10: 00-0000000 | M10: apteam.us@fictionalmfg.example | N10: 13688.3 | O10: USD | P10: =IF(COUNTIF('PO Issues Tracker'!$A:$A,B10)>0,"Yes - excluded","")
A11: 8-14.xlsx | B11: INV-39444 | C11: Northwind Machining Sdn Bhd | D11: Kapar | E11: PO41523529 | F11: 46217 | G11: Not validated | H11: 46212 | J11: Indonesia | K11: Fictional Manufacturing XYZ | L11: 000000000000 | M11: apteam.my@fictionalmfg.example | N11: 30282.35 | O11: MYR | P11: =IF(COUNTIF('PO Issues Tracker'!$A:$A,B11)>0,"Yes - excluded","")
A12: 8-14.xlsx | B12: INV-26334 | C12: Summit Valve & Fittings Inc | D12: Austin | E12: PO93638503 | F12: 46218 | G12: Not validated | H12: 46218 | J12: Delaware | K12: Fictional Manufacturing XYZ Inc. | L12: 00-0000000 | M12: apteam.us@fictionalmfg.example | N12: 14139.93 | O12: USD | P12: =IF(COUNTIF('PO Issues Tracker'!$A:$A,B12)>0,"Yes - excluded","")
A13: 8-14.xlsx | B13: INV-32241 | C13: Pioneer Instruments Inc | D13: Chicago | E13: PO73509974 | F13: 46218 | G13: Incomplete | H13: 46215 | J13: Delaware | K13: Fictional Manufacturing XYZ Inc. | L13: 00-0000000 | M13: apteam.us@fictionalmfg.example | N13: 35722.22 | O13: USD | P13: =IF(COUNTIF('PO Issues Tracker'!$A:$A,B13)>0,"Yes - excluded","")
... A25: 0-7.xlsx | B25: INV-44237 | C25: Harbor Logistics Pte Ltd | D25: Singapore | E25: PO13704481 | F25: 46223 | G25: Not validated | H25: 46218 | J25: New York | K25: Fictional Manufacturing XYZ ABC Ltd | L25: 000000000X | M25: apteam.sg@fictionalmfg.example | N25: 5208.07 | O25: SGD | P25: =IF(COUNTIF('PO Issues Tracker'!$A:$A,B25)>0,"Yes - excluded","")
A26: 0-7.xlsx | B26: INV-45093 | C26: Crescent Precision Sdn Bhd | D26: Puchong | F26: 46224 | G26: Incomplete | H26: 46224 | J26: Texas | K26: Fictional Manufacturing XYZ | L26: 000000000000 | M26: apteam.my@fictionalmfg.example | N26: 14209.08 | O26: MYR | P26: =IF(COUNTIF('PO Issues Tracker'!$A:$A,B26)>0,"Yes - excluded","")
A27: 0-7.xlsx | B27: INV-44718 | C27: Northwind Machining Sdn Bhd | D27: Kapar | E27: PO96282117 | F27: 46224 | G27: Not validated | H27: 46223 | J27: Texas | K27: Fictional Manufacturing XYZ | L27: 000000000000 | M27: apteam.my@fictionalmfg.example | N27: 20659.16 | O27: MYR | P27: =IF(COUNTIF('PO Issues Tracker'!$A:$A,B27)>0,"Yes - excluded","")
A28: 0-7.xlsx | B28: INV-44522 | C28: Northwind Machining Sdn Bhd | D28: Kapar | E28: PO10435578 | F28: 46224 | G28: Incomplete | H28: 46224 | J28: Indonesia | K28: Fictional Manufacturing XYZ | L28: 000000000000 | M28: apteam.my@fictionalmfg.example | N28: 42922.64 | O28: MYR | P28: =IF(COUNTIF('PO Issues Tracker'!$A:$A,B28)>0,"Yes - excluded","")
A29: 0-7.xlsx | B29: INV-41571 | C29: Blue Ridge Fabrication Pte Ltd | D29: Singapore | E29: PO51273847 | F29: 46224 | G29: Incomplete | H29: 46221 | J29: Kansas | K29: Fictional Manufacturing XYZ ABC Ltd | L29: 000000000X | M29: apteam.sg@fictionalmfg.example | N29: 10790.56 | O29: SGD | P29: =IF(COUNTIF('PO Issues Tracker'!$A:$A,B29)>0,"Yes - excluded","")
A30: 0-7.xlsx | B30: INV-54313 | C30: Harbor Logistics Pte Ltd | D30: Singapore | E30: PO43273328 | F30: 46224 | G30: Not validated | H30: 46221 | J30: New York | K30: Fictional Manufacturing XYZ ABC Ltd | L30: 000000000X | M30: apteam.sg@fictionalmfg.example | N30: 10126.89 | O30: SGD | P30: =IF(COUNTIF('PO Issues Tracker'!$A:$A,B30)>0,"Yes - excluded","")
A31: 0-7.xlsx | B31: INV-15229 | C31: Blue Ridge Fabrication Pte Ltd | D31: Singapore | E31: PO15614174 | F31: 46224 | G31: Not validated | H31: 46220 | J31: Kansas | K31: Fictional Manufacturing XYZ ABC Ltd | L31: 000000000X | M31: apteam.sg@fictionalmfg.example | N31: 13885.46 | O31: SGD | P31: =IF(COUNTIF('PO Issues Tracker'!$A:$A,B31)>0,"Yes - excluded","") -> Yes - excluded
A32: 0-7.xlsx | B32: INV-65302 | C32: Northwind Machining Sdn Bhd | D32: Kapar | E32: PO83197857 | F32: 46225 | G32: Incomplete | H32: 46224 | J32: Texas | K32: Fictional Manufacturing XYZ | L32: 000000000000 | M32: apteam.my@fictionalmfg.example | N32: 3930.51 | O32: MYR | P32: =IF(COUNTIF('PO Issues Tracker'!$A:$A,B32)>0,"Yes - excluded","")
A33: 0-7.xlsx | B33: INV-22676 | C33: Pioneer Instruments Inc | D33: Chicago | E33: PO23718431 | F33: 46225 | G33: Incomplete | H33: 46224 | J33: Delaware | K33: Fictional Manufacturing XYZ Inc. | L33: 00-0000000 | M33: apteam.us@fictionalmfg.example | N33: 4191.71 | O33: USD | P33: =IF(COUNTIF('PO Issues Tracker'!$A:$A,B33)>0,"Yes - excluded","")
A34: 0-7.xlsx | B34: INV-48427 | C34: Golden Gate Packaging Sdn Bhd | D34: Shah Alam | E34: PO60806024 | F34: 46225 | G34: Not validated | H34: 46225 | J34: Indonesia | K34: Fictional Manufacturing XYZ | L34: 000000000000 | M34: apteam.my@fictionalmfg.example | N34: 3564.43 | O34: MYR | P34: =IF(COUNTIF('PO Issues Tracker'!$A:$A,B34)>0,"Yes - excluded","")
A35: 0-7.xlsx | B35: INV-97841 | C35: Northwind Machining Sdn Bhd | D35: Kapar | E35: PO59684848 | F35: 46225 | G35: Not validated | H35: 46222 | J35: Indonesia | K35: Fictional Manufacturing XYZ | L35: 000000000000 | M35: apteam.my@fictionalmfg.example | N35: 16000.08 | O35: MYR | P35: =IF(COUNTIF('PO Issues Tracker'!$A:$A,B35)>0,"Yes - excluded","")
A36: 0-7.xlsx | B36: INV-28131 | C36: Blue Ridge Fabrication Pte Ltd | D36: Singapore | E36: PO63606628 | F36: 46225 | G36: Not validated | H36: 46220 | J36: Kansas | K36: Fictional Manufacturing XYZ ABC Ltd | L36: 000000000X | M36: apteam.sg@fictionalmfg.example | N36: 16302.6 | O36: SGD | P36: =IF(COUNTIF('PO Issues Tracker'!$A:$A,B36)>0,"Yes - excluded","")
A37: 0-7.xlsx | B37: INV-51104 | C37: Blue Ridge Fabrication Pte Ltd | D37: Singapore | E37: PO82772208 | F37: 46225 | G37: Not validated | H37: 46224 | J37: Kansas | K37: Fictional Manufacturing XYZ ABC Ltd | L37: 000000000X | M37: apteam.sg@fictionalmfg.example | N37: 2761.87 | O37: SGD | P37: =IF(COUNTIF('PO Issues Tracker'!$A:$A,B37)>0,"Yes - excluded","")
A38: 0-7.xlsx | B38: INV-95717 | C38: Summit Valve & Fittings Inc | D38: Austin | E38: PO50603163 | F38: 46225 | G38: Incomplete | H38: 46224 | J38: Delaware | K38: Fictional Manufacturing XYZ Inc. | L38: 00-0000000 | M38: apteam.us@fictionalmfg.example | N38: 27533.27 | O38: USD | P38: =IF(COUNTIF('PO Issues Tracker'!$A:$A,B38)>0,"Yes - excluded","")
... A57: 0-7.xlsx | B57: INV-59009 | C57: Crescent Precision Sdn Bhd | D57: Puchong | E57: PO91734598 | F57: 46228 | G57: Incomplete | H57: 46223 | J57: Texas | K57: Fictional Manufacturing XYZ | L57: 000000000000 | M57: apteam.my@fictionalmfg.example | N57: 8967.02 | O57: MYR | P57: =IF(COUNTIF('PO Issues Tracker'!$A:$A,B57)>0,"Yes - excluded","")
A58: 0-7.xlsx | B58: INV-26483 | C58: Lighthouse Metals Supply | D58: Fremont | F58: 46228 | G58: Incomplete | H58: 46223 | J58: Georgia | K58: Fictional Manufacturing XYZ Inc. | L58: 00-0000000 | M58: apteam.us@fictionalmfg.example | N58: 34231.89 | O58: USD | P58: =IF(COUNTIF('PO Issues Tracker'!$A:$A,B58)>0,"Yes - excluded","")
A59: 0-7.xlsx | B59: INV-87924 | C59: Blue Ridge Fabrication Pte Ltd | D59: Singapore | E59: PO86460539 | F59: 46228 | G59: Not validated | H59: 46223 | J59: Kansas | K59: Fictional Manufacturing XYZ ABC Ltd | L59: 000000000X | M59: apteam.sg@fictionalmfg.example | N59: 11094.77 | O59: SGD | P59: =IF(COUNTIF('PO Issues Tracker'!$A:$A,B59)>0,"Yes - excluded","")
A60: 0-7.xlsx | B60: INV-19016 | C60: Acme Precision Components Ltd | D60: Riverside | E60: PO27778019 | F60: 46228 | G60: Not validated | H60: 46228 | J60: California | K60: Fictional Manufacturing XYZ Inc. | L60: 00-0000000 | M60: apteam.us@fictionalmfg.example | N60: 41998.01 | O60: USD | P60: =IF(COUNTIF('PO Issues Tracker'!$A:$A,B60)>0,"Yes - excluded","")
A61: 0-7.xlsx | B61: INV-77033 | C61: Blue Ridge Fabrication Pte Ltd | D61: Singapore | E61: PO52101056 | F61: 46229 | G61: Not validated | H61: 46229 | J61: New York | K61: Fictional Manufacturing XYZ ABC Ltd | L61: 000000000X | M61: apteam.sg@fictionalmfg.example | N61: 19649 | O61: SGD | P61: =IF(COUNTIF('PO Issues Tracker'!$A:$A,B61)>0,"Yes - excluded","")

Sheet PO Issues Tracker
A1: Invoice Number | B1: Supplier | C1: Issue Note | D1: Date Flagged
A2: INV-24029 | B2: Crescent Precision Sdn Bhd | C2: PO does not match invoice amount - pending correction with buyer | D2: 46226
A3: INV-65108 | B3: Harbor Logistics Pte Ltd | C3: No associated PO - requested correct reference from supplier | D3: 46217
A4: INV-92544 | B4: Summit Valve & Fittings Inc | C4: PO closed / partially received - requires buyer review | D4: 46222
A5: INV-15229 | B5: Blue Ridge Fabrication Pte Ltd | C5: Price discrepancy vs. PO - escalated to purchasing | D5: 46225
A6: INV-63424 | B6: Crescent Precision Sdn Bhd | C6: PO cancelled - invoice pending dispute with supplier | D6: 46198

Sheet Priority Invoices
A1: Source.Name | B1: Invoice Number | C1: Supplier | D1: Supplier Site | E1: Identifying PO | F1: Creation Date | G1: Validation Status | H1: Invoice Date | I1: Assignee | J1: Business Unit | K1: Legal Entity | L1: First-Party Taxpayer ID | M1: Routing Attribute 1 | N1: Amount | O1: Currency
A2: 15+.xlsx | B2: INV-42406 | C2: Lighthouse Metals Supply | D2: Fremont | E2: PO73709724 | F2: 46144 | G2: Not validated | H2: 46141 | J2: California | K2: Fictional Manufacturing XYZ Inc. | L2: 00-0000000 | M2: apteam.us@fictionalmfg.example | N2: 20264.14 | O2: USD
A3: 15+.xlsx | B3: INV-64921 | C3: Lighthouse Metals Supply | D3: Fremont | E3: PO62343121 | F3: 46153 | G3: Not validated | H3: 46153 | J3: California | K3: Fictional Manufacturing XYZ Inc. | L3: 00-0000000 | M3: apteam.us@fictionalmfg.example | N3: 38408.09 | O3: USD
A4: 15+.xlsx | B4: INV-12560 | C4: Golden Gate Packaging Sdn Bhd | D4: Shah Alam | E4: PO88393811 | F4: 46161 | G4: Incomplete | H4: 46161 | J4: Indonesia | K4: Fictional Manufacturing XYZ | L4: 000000000000 | M4: apteam.my@fictionalmfg.example | N4: 42573.87 | O4: MYR
A5: 15+.xlsx | B5: INV-51904 | C5: Harbor Logistics Pte Ltd | D5: Singapore | E5: PO41473195 | F5: 46184 | G5: Incomplete | H5: 46182 | J5: New York | K5: Fictional Manufacturing XYZ ABC Ltd | L5: 000000000X | M5: apteam.sg@fictionalmfg.example | N5: 12241.75 | O5: SGD
A6: 8-14.xlsx | B6: INV-10726 | C6: Lighthouse Metals Supply | D6: Fremont | E6: PO29806690 | F6: 46216 | G6: Incomplete | H6: 46211 | J6: Arizona | K6: Fictional Manufacturing XYZ Inc. | L6: 00-0000000 | M6: apteam.us@fictionalmfg.example | N6: 29529.49 | O6: USD
A7: 8-14.xlsx | B7: INV-80575 | C7: Northwind Machining Sdn Bhd | D7: Kapar | E7: PO10226999 | F7: 46217 | G7: Incomplete | H7: 46216 | J7: Indonesia | K7: Fictional Manufacturing XYZ | L7: 000000000000 | M7: apteam.my@fictionalmfg.example | N7: 23406.02 | O7: MYR
A8: 8-14.xlsx | B8: INV-37549 | C8: Pioneer Instruments Inc | D8: Chicago | E8: PO10054484 | F8: 46217 | G8: Incomplete | H8: 46213 | J8: Arizona | K8: Fictional Manufacturing XYZ Inc. | L8: 00-0000000 | M8: apteam.us@fictionalmfg.example | N8: 13688.3 | O8: USD
A9: 8-14.xlsx | B9: INV-39444 | C9: Northwind Machining Sdn Bhd | D9: Kapar | E9: PO41523529 | F9: 46217 | G9: Not validated | H9: 46212 | J9: Indonesia | K9: Fictional Manufacturing XYZ | L9: 000000000000 | M9: apteam.my@fictionalmfg.example | N9: 30282.35 | O9: MYR
A10: 8-14.xlsx | B10: INV-26334 | C10: Summit Valve & Fittings Inc | D10: Austin | E10: PO93638503 | F10: 46218 | G10: Not validated | H10: 46218 | J10: Delaware | K10: Fictional Manufacturing XYZ Inc. | L10: 00-0000000 | M10: apteam.us@fictionalmfg.example | N10: 14139.93 | O10: USD
A11: 8-14.xlsx | B11: INV-32241 | C11: Pioneer Instruments Inc | D11: Chicago | E11: PO73509974 | F11: 46218 | G11: Incomplete | H11: 46215 | J11: Delaware | K11: Fictional Manufacturing XYZ Inc. | L11: 00-0000000 | M11: apteam.us@fictionalmfg.example | N11: 35722.22 | O11: USD
A12: 8-14.xlsx | B12: INV-42662 | C12: Northwind Machining Sdn Bhd | D12: Kapar | E12: PO72350830 | F12: 46220 | G12: Not validated | H12: 46219 | J12: Indonesia | K12: Fictional Manufacturing XYZ | L12: 000000000000 | M12: apteam.my@fictionalmfg.example | N12: 2278.82 | O12: MYR
A13: 8-14.xlsx | B13: INV-68008 | C13: Northwind Machining Sdn Bhd | D13: Kapar | E13: PO89920257 | F13: 46220 | G13: Not validated | H13: 46217 | J13: Indonesia | K13: Fictional Manufacturing XYZ | L13: 000000000000 | M13: apteam.my@fictionalmfg.example | N13: 14292.06 | O13: MYR
... A22: 0-7.xlsx | B22: INV-44237 | C22: Harbor Logistics Pte Ltd | D22: Singapore | E22: PO13704481 | F22: 46223 | G22: Not validated | H22: 46218 | J22: New York | K22: Fictional Manufacturing XYZ ABC Ltd | L22: 000000000X | M22: apteam.sg@fictionalmfg.example | N22: 5208.07 | O22: SGD
A23: 0-7.xlsx | B23: INV-45093 | C23: Crescent Precision Sdn Bhd | D23: Puchong | F23: 46224 | G23: Incomplete | H23: 46224 | J23: Texas | K23: Fictional Manufacturing XYZ | L23: 000000000000 | M23: apteam.my@fictionalmfg.example | N23: 14209.08 | O23: MYR
A24: 0-7.xlsx | B24: INV-44718 | C24: Northwind Machining Sdn Bhd | D24: Kapar | E24: PO96282117 | F24: 46224 | G24: Not validated | H24: 46223 | J24: Texas | K24: Fictional Manufacturing XYZ | L24: 000000000000 | M24: apteam.my@fictionalmfg.example | N24: 20659.16 | O24: MYR
A25: 0-7.xlsx | B25: INV-44522 | C25: Northwind Machining Sdn Bhd | D25: Kapar | E25: PO10435578 | F25: 46224 | G25: Incomplete | H25: 46224 | J25: Indonesia | K25: Fictional Manufacturing XYZ | L25: 000000000000 | M25: apteam.my@fictionalmfg.example | N25: 42922.64 | O25: MYR
A26: 0-7.xlsx | B26: INV-41571 | C26: Blue Ridge Fabrication Pte Ltd | D26: Singapore | E26: PO51273847 | F26: 46224 | G26: Incomplete | H26: 46221 | J26: Kansas | K26: Fictional Manufacturing XYZ ABC Ltd | L26: 000000000X | M26: apteam.sg@fictionalmfg.example | N26: 10790.56 | O26: SGD
A27: 0-7.xlsx | B27: INV-54313 | C27: Harbor Logistics Pte Ltd | D27: Singapore | E27: PO43273328 | F27: 46224 | G27: Not validated | H27: 46221 | J27: New York | K27: Fictional Manufacturing XYZ ABC Ltd | L27: 000000000X | M27: apteam.sg@fictionalmfg.example | N27: 10126.89 | O27: SGD
A28: 0-7.xlsx | B28: INV-65302 | C28: Northwind Machining Sdn Bhd | D28: Kapar | E28: PO83197857 | F28: 46225 | G28: Incomplete | H28: 46224 | J28: Texas | K28: Fictional Manufacturing XYZ | L28: 000000000000 | M28: apteam.my@fictionalmfg.example | N28: 3930.51 | O28: MYR
A29: 0-7.xlsx | B29: INV-22676 | C29: Pioneer Instruments Inc | D29: Chicago | E29: PO23718431 | F29: 46225 | G29: Incomplete | H29: 46224 | J29: Delaware | K29: Fictional Manufacturing XYZ Inc. | L29: 00-0000000 | M29: apteam.us@fictionalmfg.example | N29: 4191.71 | O29: USD
A30: 0-7.xlsx | B30: INV-48427 | C30: Golden Gate Packaging Sdn Bhd | D30: Shah Alam | E30: PO60806024 | F30: 46225 | G30: Not validated | H30: 46225 | J30: Indonesia | K30: Fictional Manufacturing XYZ | L30: 000000000000 | M30: apteam.my@fictionalmfg.example | N30: 3564.43 | O30: MYR
A31: 0-7.xlsx | B31: INV-97841 | C31: Northwind Machining Sdn Bhd | D31: Kapar | E31: PO59684848 | F31: 46225 | G31: Not validated | H31: 46222 | J31: Indonesia | K31: Fictional Manufacturing XYZ | L31: 000000000000 | M31: apteam.my@fictionalmfg.example | N31: 16000.08 | O31: MYR
A32: 0-7.xlsx | B32: INV-28131 | C32: Blue Ridge Fabrication Pte Ltd | D32: Singapore | E32: PO63606628 | F32: 46225 | G32: Not validated | H32: 46220 | J32: Kansas | K32: Fictional Manufacturing XYZ ABC Ltd | L32: 000000000X | M32: apteam.sg@fictionalmfg.example | N32: 16302.6 | O32: SGD
A33: 0-7.xlsx | B33: INV-51104 | C33: Blue Ridge Fabrication Pte Ltd | D33: Singapore | E33: PO82772208 | F33: 46225 | G33: Not validated | H33: 46224 | J33: Kansas | K33: Fictional Manufacturing XYZ ABC Ltd | L33: 000000000X | M33: apteam.sg@fictionalmfg.example | N33: 2761.87 | O33: SGD
A34: 0-7.xlsx | B34: INV-95717 | C34: Summit Valve & Fittings Inc | D34: Austin | E34: PO50603163 | F34: 46225 | G34: Incomplete | H34: 46224 | J34: Delaware | K34: Fictional Manufacturing XYZ Inc. | L34: 00-0000000 | M34: apteam.us@fictionalmfg.example | N34: 27533.27 | O34: USD
A35: 0-7.xlsx | B35: INV-44600 | C35: Crescent Precision Sdn Bhd | D35: Puchong | E35: PO37326368 | F35: 46225 | G35: Not validated | H35: 46223 | J35: Texas | K35: Fictional Manufacturing XYZ | L35: 000000000000 | M35: apteam.my@fictionalmfg.example | N35: 30943.62 | O35: MYR
... A52: 0-7.xlsx | B52: INV-59009 | C52: Crescent Precision Sdn Bhd | D52: Puchong | E52: PO91734598 | F52: 46228 | G52: Incomplete | H52: 46223 | J52: Texas | K52: Fictional Manufacturing XYZ | L52: 000000000000 | M52: apteam.my@fictionalmfg.example | N52: 8967.02 | O52: MYR
A53: 0-7.xlsx | B53: INV-26483 | C53: Lighthouse Metals Supply | D53: Fremont | F53: 46228 | G53: Incomplete | H53: 46223 | J53: Georgia | K53: Fictional Manufacturing XYZ Inc. | L53: 00-0000000 | M53: apteam.us@fictionalmfg.example | N53: 34231.89 | O53: USD
A54: 0-7.xlsx | B54: INV-87924 | C54: Blue Ridge Fabrication Pte Ltd | D54: Singapore | E54: PO86460539 | F54: 46228 | G54: Not validated | H54: 46223 | J54: Kansas | K54: Fictional Manufacturing XYZ ABC Ltd | L54: 000000000X | M54: apteam.sg@fictionalmfg.example | N54: 11094.77 | O54: SGD
A55: 0-7.xlsx | B55: INV-19016 | C55: Acme Precision Components Ltd | D55: Riverside | E55: PO27778019 | F55: 46228 | G55: Not validated | H55: 46228 | J55: California | K55: Fictional Manufacturing XYZ Inc. | L55: 00-0000000 | M55: apteam.us@fictionalmfg.example | N55: 41998.01 | O55: USD
A56: 0-7.xlsx | B56: INV-77033 | C56: Blue Ridge Fabrication Pte Ltd | D56: Singapore | E56: PO52101056 | F56: 46229 | G56: Not validated | H56: 46229 | J56: New York | K56: Fictional Manufacturing XYZ ABC Ltd | L56: 000000000X | M56: apteam.sg@fictionalmfg.example | N56: 19649 | O56: SGD
